<resources>
    <string name="app_name">PatientPage</string>
    <string name="title_activity_store_navigation">StoreNavigation</string>
    <string name="navigation_drawer_open">Open navigation drawer</string>
    <string name="navigation_drawer_close">Close navigation drawer</string>
    <string name="nav_header_title">Android Studio</string>
    <string name="nav_header_subtitle">android.studio@android.com</string>
    <string name="nav_header_desc">Navigation header</string>
    <string name="action_settings">Settings</string>

    <string name="menu_home">Home</string>
    <string name="menu_gallery">Gallery</string>
    <string name="menu_slideshow">Slideshow</string>
    <string name="dummy_text">text</string>
    <string name="select"> Select Item</string>
    <string name="a_name"> Dropdown Menu</string>
</resources>